what,kind,bundleId,bundleVersion,description,time
executed,command,org.eclipse.ui.workbench.texteditor,3.5.0.v20090603,"org.eclipse.ui.edit.text.scroll.lineDown",1290251363150
executed,command,org.eclipse.ui.workbench.texteditor,3.5.0.v20090603,"org.eclipse.ui.edit.text.scroll.lineDown",1290251363670
executed,command,org.eclipse.ui.workbench.texteditor,3.5.0.v20090603,"org.eclipse.ui.edit.text.scroll.lineDown",1290251363701
executed,command,org.eclipse.ui.workbench.texteditor,3.5.0.v20090603,"org.eclipse.ui.edit.text.scroll.lineDown",1290251363738
executed,command,org.eclipse.ui.workbench.texteditor,3.5.0.v20090603,"org.eclipse.ui.edit.text.scroll.lineDown",1290251363776
executed,command,org.eclipse.ui.workbench.texteditor,3.5.0.v20090603,"org.eclipse.ui.edit.text.scroll.lineDown",1290251363811
executed,command,org.eclipse.ui.workbench.texteditor,3.5.0.v20090603,"org.eclipse.ui.edit.text.scroll.lineDown",1290251363848
executed,command,org.eclipse.ui.workbench.texteditor,3.5.0.v20090603,"org.eclipse.ui.edit.text.scroll.lineDown",1290251363895
executed,command,org.eclipse.ui.workbench.texteditor,3.5.0.v20090603,"org.eclipse.ui.edit.text.scroll.lineDown",1290251363934
executed,command,org.eclipse.ui.workbench.texteditor,3.5.0.v20090603,"org.eclipse.ui.edit.text.scroll.lineDown",1290251363960
executed,command,org.eclipse.ui.workbench.texteditor,3.5.0.v20090603,"org.eclipse.ui.edit.text.scroll.lineDown",1290251363998
executed,command,org.eclipse.ui.workbench.texteditor,3.5.0.v20090603,"org.eclipse.ui.edit.text.scroll.lineDown",1290251364035
executed,command,org.eclipse.ui.workbench.texteditor,3.5.0.v20090603,"org.eclipse.ui.edit.text.goto.wordNext",1290251364277
executed,command,org.eclipse.ui.workbench.texteditor,3.5.0.v20090603,"org.eclipse.ui.edit.text.goto.wordNext",1290251364443
executed,command,org.eclipse.ui.workbench.texteditor,3.5.0.v20090603,"org.eclipse.ui.edit.text.goto.wordNext",1290251364613
executed,command,org.eclipse.ui.workbench.texteditor,3.5.0.v20090603,"org.eclipse.ui.edit.text.goto.wordNext",1290251364784
executed,command,org.eclipse.ui.workbench.texteditor,3.5.0.v20090603,"org.eclipse.ui.edit.text.goto.wordNext",1290251364960
executed,command,org.eclipse.ui.workbench.texteditor,3.5.0.v20090603,"org.eclipse.ui.edit.text.select.wordNext",1290251365292
executed,command,org.eclipse.ui.workbench.texteditor,3.5.0.v20090603,"org.eclipse.ui.edit.text.select.wordNext",1290251365470
executed,command,org.eclipse.ui.workbench.texteditor,3.5.0.v20090603,"org.eclipse.ui.edit.text.select.wordNext",1290251365630
executed,command,org.eclipse.ui.workbench.texteditor,3.5.0.v20090603,"org.eclipse.ui.edit.text.select.wordNext",1290251365794
executed,command,org.eclipse.ui.workbench.texteditor,3.5.0.v20090603,"org.eclipse.ui.edit.text.scroll.lineDown",1290251367320
executed,command,org.eclipse.ui.workbench.texteditor,3.5.0.v20090603,"org.eclipse.ui.edit.text.goto.lineEnd",1290251368420
executed,command,org.eclipse.ui.workbench.texteditor,3.5.0.v20090603,"org.eclipse.ui.edit.text.goto.lineEnd",1290251369176
executed,command,org.eclipse.ui.workbench.texteditor,3.5.0.v20090603,"org.eclipse.ui.edit.text.select.wordPrevious",1290251369693
